int,enum,enum,int,int,float,float,int,float,int,float,float,float,float,float,float,float,float,float,float,float,float,float,float,float,float,float,float,float,float,float,float
Index,type_Char,type_Team,LevelMax,Level,Size,Radius,AccrueExp,Sight,Rise,HP,HPRate,HPRegen,MP,MPRate,MPRegen,AD,AP,DD,PD,DDIgnore,PDIgnore,DDReduce,PDReduce,DDPierce,PDPierce,AttackSpeed,AttackRange,HitRadius,MoveSpeed,CoolTimeRate,CriticalRate
11001,ULTRA_MAN,ULTRA,20,1,1,0.3,50,2.8,10,657,0,1,2000,0,20,88,65,18,20,0,0,0,0,0,0,1,1,0.4,3.3,0,15
11002,ULTRA_MAN,ULTRA,20,2,1.761538462,0.35,100,2.93,10,696,0,1,2000,0,20,93,69,19,21,0,0,0,0,0,0,1,1.6875,0.5375,3.7,0,15
11003,ULTRA_MAN,ULTRA,20,3,2.523076923,0.35,200,3.06,10,734,0,1,2000,0,20,97,73,20,22,0,0,0,0,0,0,1,2.375,0.675,3.7,0,15
11004,ULTRA_MAN,ULTRA,20,4,3.284615385,0.4,300,3.19,10,756,0,2,2000,0,20,103,77,21,23,0,0,0,0,0,0,1,3.0625,0.8125,4.1,0,15
11005,ULTRA_MAN,ULTRA,20,5,4.046153846,0.4,400,3.32,20,795,0,2,2000,0,20,107,81,22,24,0,0,0,0,0,0,1,3.75,0.95,4.1,0,15
11006,ULTRA_MAN,ULTRA,20,6,4.807692308,0.5,500,3.45,20,833,0,2,2000,0,20,111,85,23,25,0,0,0,0,0,0,1,4.4375,1.0875,4.5,0,15
11007,ULTRA_MAN,ULTRA,20,7,5.569230769,0.5,600,3.58,20,872,0,2,2000,0,20,116,89,24,26,0,0,0,0,0,0,1,5.125,1.225,4.5,0,15
11008,ULTRA_MAN,ULTRA,20,8,6.330769231,0.6,700,3.71,20,911,0,2,2000,0,20,120,93,25,27,0,0,0,0,0,0,1,5.8125,1.3625,4.9,0,15
11009,ULTRA_MAN,ULTRA,20,9,7.092307692,0.6,850,3.84,30,932,0,3,2000,0,20,125,97,26,28,0,0,0,0,0,0,1,6.5,1.5,4.9,0,15
11010,ULTRA_MAN,ULTRA,20,10,7.853846154,0.7,950,3.97,30,971,0,3,2000,0,20,130,101,27,29,0,0,0,0,0,0,1,7.1875,1.6375,5.3,0,15
11011,ULTRA_MAN,ULTRA,20,11,8.615384615,0.7,1100,4.1,30,1010,0,3,2000,0,20,134,105,28,30,0,0,0,0,0,0,1,7.875,1.775,5.3,0,15
11012,ULTRA_MAN,ULTRA,20,12,9.376923077,0.8,1250,4.23,30,1049,0,3,2000,0,20,138,109,29,31,0,0,0,0,0,0,1,8.5625,1.9125,5.7,0,15
11013,ULTRA_MAN,ULTRA,20,13,10.13846154,0.8,1400,4.36,40,1088,0,3,2000,0,20,143,113,30,32,0,0,0,0,0,0,1,9.25,2.05,5.7,0,15
11014,ULTRA_MAN,ULTRA,20,14,10.9,0.95,1500,4.49,40,1109,0,4,2000,0,20,148,117,31,33,0,0,0,0,0,0,1,9.9375,2.1875,6.1,0,15
11015,ULTRA_MAN,ULTRA,20,15,10.9,0.95,1650,4.62,40,1148,0,4,2000,0,20,152,121,32,34,0,0,0,0,0,0,1,10.625,2.325,6.1,0,15
11016,ULTRA_MAN,ULTRA,20,16,10.9,1.1,1800,4.75,40,1187,0,4,2000,0,20,157,125,33,35,0,0,0,0,0,0,1,11.3125,2.4625,6.5,0,15
11017,ULTRA_MAN,ULTRA,20,17,10.9,1.1,1950,4.88,50,1225,0,4,2000,0,20,161,129,34,36,0,0,0,0,0,0,1,12,2.6,6.5,0,15
11018,ULTRA_MAN,ULTRA,20,18,10.9,1.25,2100,4.88,50,1264,0,4,2000,0,20,165,133,35,38,0,0,0,0,0,0,1,12,2.6,6.9,0,15
11019,ULTRA_MAN,ULTRA,20,19,10.9,1.25,2250,4.88,50,1286,0,5,2000,0,20,171,137,36,39,0,0,0,0,0,0,1,12,2.6,6.9,0,15
11020,ULTRA_MAN,ULTRA,20,20,10.9,1.6,2450,4.88,50,1324,0,4,2000,0,20,175,141,36,40,0,0,0,0,0,0,1,12,2.6,7.3,0,15
11021,ULTRA_MAN,ULTRA,20,21,10.9,1.6,2600,4.88,50,1363,0,4,2000,0,20,180,145,37,41,0,0,0,0,0,0,1,12,2.6,7.3,0,15
11022,ULTRA_MAN,ULTRA,20,22,10.9,1.6,2750,4.88,50,1402,0,4,2000,0,20,184,149,38,42,0,0,0,0,0,0,1,12,2.6,7.3,0,15
11023,ULTRA_MAN,ULTRA,20,23,10.9,1.6,2900,4.88,50,1441,0,4,2000,0,20,188,153,39,43,0,0,0,0,0,0,1,12,2.6,7.3,0,15
11024,ULTRA_MAN,ULTRA,20,24,10.9,1.6,3100,4.88,50,1462,0,5,2000,0,20,194,157,40,44,0,0,0,0,0,0,1,12,2.6,7.3,0,15
11025,ULTRA_MAN,ULTRA,20,25,10.9,1.6,3250,4.88,50,1501,0,5,2000,0,20,198,161,41,45,0,0,0,0,0,0,1,12,2.6,7.3,0,15
12001,COSMOS,ULTRA,20,1,1,0.3,50,2.8,10,657,0,2,2000,0,20,81,70,19,21,0,0,0,0,0,0,1,1.6,0.8,3.6,0,15
12002,COSMOS,ULTRA,20,2,1.792307692,0.35,100,2.93,10,696,0,2,2000,0,20,85,74,20,22,0,0,0,0,0,0,1,1.915384615,0.957692308,4,0,15
12003,COSMOS,ULTRA,20,3,2.584615385,0.35,200,3.06,10,734,0,2,2000,0,20,89,78,21,24,0,0,0,0,0,0,1,2.230769231,1.115384615,4,0,15
12004,COSMOS,ULTRA,20,4,3.376923077,0.4,300,3.19,10,756,0,3,2000,0,20,94,82,22,25,0,0,0,0,0,0,1,2.546153846,1.273076923,4.4,0,15
12005,COSMOS,ULTRA,20,5,4.169230769,0.4,400,3.32,20,795,0,3,2000,0,20,98,86,23,26,0,0,0,0,0,0,1,2.861538462,1.430769231,4.4,0,15
12006,COSMOS,ULTRA,20,6,4.961538462,0.5,500,3.45,20,833,0,3,2000,0,20,102,90,24,27,0,0,0,0,0,0,1,3.176923077,1.588461538,4.8,0,15
12007,COSMOS,ULTRA,20,7,5.753846154,0.5,600,3.58,20,872,0,3,2000,0,20,106,94,25,28,0,0,0,0,0,0,1,3.492307692,1.746153846,4.8,0,15
12008,COSMOS,ULTRA,20,8,6.546153846,0.6,700,3.71,20,911,0,3,2000,0,20,110,98,26,29,0,0,0,0,0,0,1,3.807692308,1.903846154,5.2,0,15
12009,COSMOS,ULTRA,20,9,7.338461538,0.6,850,3.84,30,932,0,4,2000,0,20,115,102,27,30,0,0,0,0,0,0,1,4.123076923,2.061538462,5.2,0,15
12010,COSMOS,ULTRA,20,10,8.130769231,0.7,950,3.97,30,971,0,4,2000,0,20,119,106,28,31,0,0,0,0,0,0,1,4.438461538,2.219230769,5.6,0,15
12011,COSMOS,ULTRA,20,11,8.923076923,0.7,1100,4.1,30,1010,0,4,2000,0,20,123,110,29,32,0,0,0,0,0,0,1,4.753846154,2.376923077,5.6,0,15
12012,COSMOS,ULTRA,20,12,9.715384615,0.8,1250,4.23,30,1049,0,4,2000,0,20,127,114,30,33,0,0,0,0,0,0,1,5.069230769,2.534615385,6,0,15
12013,COSMOS,ULTRA,20,13,10.50769231,0.8,1400,4.36,40,1088,0,4,2000,0,20,131,118,31,34,0,0,0,0,0,0,1,5.384615385,2.692307692,6,0,15
12014,COSMOS,ULTRA,20,14,11.3,0.95,1500,4.49,40,1109,0,5,2000,0,20,136,122,32,35,0,0,0,0,0,0,1,5.7,2.85,6.4,0,15
12015,COSMOS,ULTRA,20,15,11.3,0.95,1650,4.62,40,1148,0,5,2000,0,20,140,126,33,37,0,0,0,0,0,0,1,5.7,2.85,6.4,0,15
12016,COSMOS,ULTRA,20,16,11.3,1.1,1800,4.75,40,1187,0,5,2000,0,20,144,130,34,38,0,0,0,0,0,0,1,5.7,2.85,6.8,0,15
12017,COSMOS,ULTRA,20,17,11.3,1.1,1950,4.88,50,1225,0,5,2000,0,20,148,134,35,39,0,0,0,0,0,0,1,5.7,2.85,6.8,0,15
12018,COSMOS,ULTRA,20,18,11.3,1.25,2100,5.01,50,1264,0,5,2000,0,20,152,138,36,40,0,0,0,0,0,0,1,5.7,2.85,7.2,0,15
12019,COSMOS,ULTRA,20,19,11.3,1.25,2250,5.14,50,1286,0,6,2000,0,20,157,142,37,41,0,0,0,0,0,0,1,5.7,2.85,7.2,0,15
12020,COSMOS,ULTRA,20,20,11.3,1.6,2450,5.27,50,1324,0,6,2000,0,20,160,146,38,42,0,0,0,0,0,0,1,5.7,2.85,7.6,0,15
12021,COSMOS,ULTRA,20,21,11.3,1.6,2600,5.4,50,1363,0,7,2000,0,20,164,150,39,43,0,0,0,0,0,0,1,5.7,2.85,7.6,0,15
12022,COSMOS,ULTRA,20,22,11.3,1.6,2750,5.53,50,1402,0,7,2000,0,20,168,154,40,44,0,0,0,0,0,0,1,5.7,2.85,7.6,0,15
12023,COSMOS,ULTRA,20,23,11.3,1.6,2900,5.66,50,1441,0,7,2000,0,20,172,158,41,45,0,0,0,0,0,0,1,5.7,2.85,7.6,0,15
12024,COSMOS,ULTRA,20,24,11.3,1.6,3100,5.79,50,1462,0,8,2000,0,20,177,162,42,46,0,0,0,0,0,0,1,5.7,2.85,7.6,0,15
12025,COSMOS,ULTRA,20,25,11.3,1.6,3250,5.92,50,1501,0,8,2000,0,20,181,166,43,47,0,0,0,0,0,0,1,5.7,2.85,7.6,0,15
13001,GOMORA,MONSTER,20,1,1,0.3,50,2.8,10,930,0,1,2000,0,20,54,40,20,19,0,0,0,0,0,0,1,1.6,0.8,3.8,0,15
13002,GOMORA,MONSTER,20,2,1.747058824,0.35,100,2.93,10,984,0,1,2000,0,20,57,44,21,20,0,0,0,0,0,0,1,1.923076923,0.961538462,4.2,0,15
13003,GOMORA,MONSTER,20,3,2.494117647,0.35,200,3.06,10,1037,0,1,2000,0,20,60,48,22,21,0,0,0,0,0,0,1,2.246153846,1.123076923,4.2,0,15
13004,GOMORA,MONSTER,20,4,3.241176471,0.4,300,3.19,10,1071,0,2,2000,0,20,63,52,23,22,0,0,0,0,0,0,1,2.569230769,1.284615385,4.6,0,15
13005,GOMORA,MONSTER,20,5,3.988235294,0.4,400,3.32,20,1125,0,2,2000,0,20,65,56,24,23,0,0,0,0,0,0,1,2.892307692,1.446153846,4.6,0,15
13006,GOMORA,MONSTER,20,6,4.735294118,0.5,500,3.45,20,1178,0,2,2000,0,20,68,60,25,24,0,0,0,0,0,0,1,3.215384615,1.607692308,5,0,15
13007,GOMORA,MONSTER,20,7,5.482352941,0.5,600,3.58,20,1231,0,2,2000,0,20,71,64,26,25,0,0,0,0,0,0,1,3.538461538,1.769230769,5,0,15
13008,GOMORA,MONSTER,20,8,6.229411765,0.6,700,3.71,20,1284,0,2,2000,0,20,74,68,27,26,0,0,0,0,0,0,1,3.861538462,1.930769231,5.4,0,15
13009,GOMORA,MONSTER,20,9,6.976470588,0.6,850,3.84,30,1319,0,3,2000,0,20,76,72,28,27,0,0,0,0,0,0,1,4.184615385,2.092307692,5.4,0,15
13010,GOMORA,MONSTER,20,10,7.723529412,0.7,950,3.97,30,1372,0,3,2000,0,20,79,76,29,28,0,0,0,0,0,0,1,4.507692308,2.253846154,5.8,0,15
13011,GOMORA,MONSTER,20,11,8.470588235,0.7,1100,4.1,30,1425,0,3,2000,0,20,82,80,30,29,0,0,0,0,0,0,1,4.830769231,2.415384615,5.8,0,15
13012,GOMORA,MONSTER,20,12,9.217647059,0.9,1250,4.23,30,1478,0,3,2000,0,20,84,84,31,30,0,0,0,0,0,0,1,5.153846154,2.576923077,6.2,0,15
13013,GOMORA,MONSTER,20,13,9.964705882,0.9,1400,4.36,40,1532,0,3,2000,0,20,87,88,32,31,0,0,0,0,0,0,1,5.476923077,2.738461538,6.2,0,15
13014,GOMORA,MONSTER,20,14,10.71176471,1.1,1500,4.49,40,1566,0,4,2000,0,20,90,92,33,32,0,0,0,0,0,0,1,5.8,2.9,6.6,0,15
13015,GOMORA,MONSTER,20,15,11.45882353,1.1,1650,4.62,40,1619,0,4,2000,0,20,93,96,34,33,0,0,0,0,0,0,1,5.8,2.9,6.6,0,15
13016,GOMORA,MONSTER,20,16,12.20588235,1.3,1800,4.75,40,1673,0,4,2000,0,20,95,100,35,34,0,0,0,0,0,0,1,5.8,2.9,7,0,15
13017,GOMORA,MONSTER,20,17,12.95294118,1.3,1950,4.88,50,1726,0,4,2000,0,20,98,104,36,34,0,0,0,0,0,0,1,5.8,2.9,7,0,15
13018,GOMORA,MONSTER,20,18,13.7,1.6,2100,5.01,50,1779,0,4,2000,0,20,101,108,37,35,0,0,0,0,0,0,1,5.8,2.9,7.4,0,15
13019,GOMORA,MONSTER,20,19,13.7,1.6,2250,5.14,50,1814,0,5,2000,0,20,104,112,38,36,0,0,0,0,0,0,1,5.8,2.9,7.4,0,15
13020,GOMORA,MONSTER,20,20,13.7,1.9,2450,5.27,50,1867,0,5,2000,0,20,106,116,39,37,0,0,0,0,0,0,1,5.8,2.9,7.8,0,15
13021,GOMORA,MONSTER,20,21,13.7,1.9,2600,5.4,50,1920,0,5,2000,0,20,109,120,40,38,0,0,0,0,0,0,1,5.8,2.9,7.8,0,15
13022,GOMORA,MONSTER,20,22,13.7,1.9,2750,5.53,50,1973,0,5,2000,0,20,112,124,41,39,0,0,0,0,0,0,1,5.8,2.9,7.8,0,15
13023,GOMORA,MONSTER,20,23,13.7,1.9,2900,5.66,50,2026,0,5,2000,0,20,115,128,42,40,0,0,0,0,0,0,1,5.8,2.9,7.8,0,15
13024,GOMORA,MONSTER,20,24,13.7,1.9,3100,5.79,50,2061,0,6,2000,0,20,117,132,43,41,0,0,0,0,0,0,1,5.8,2.9,7.8,0,15
13025,GOMORA,MONSTER,20,25,13.7,1.9,3250,5.92,50,2114,0,6,2000,0,20,120,136,44,42,0,0,0,0,0,0,1,5.8,2.9,7.8,0,15
14001,ZETTON,MONSTER,20,1,1,0.3,50,2.8,10,976,0,2,2000,0,20,92,35,21,20,0,0,0,0,0,0,1,1.6,0.8,3,0,15
14002,ZETTON,MONSTER,20,2,1.772222222,0.35,100,2.93,10,1032,0,2,2000,0,20,96,39,22,21,0,0,0,0,0,0,1,1.827777778,0.913888889,3.4,0,15
14003,ZETTON,MONSTER,20,3,2.544444444,0.35,200,3.06,10,1087,0,2,2000,0,20,101,43,23,22,0,0,0,0,0,0,1,2.055555556,1.027777778,3.4,0,15
14004,ZETTON,MONSTER,20,4,3.316666667,0.4,300,3.19,10,1124,0,3,2000,0,20,106,47,24,23,0,0,0,0,0,0,1,2.283333333,1.141666667,3.8,0,15
14005,ZETTON,MONSTER,20,5,4.088888889,0.4,400,3.32,20,1180,0,3,2000,0,20,110,51,25,24,0,0,0,0,0,0,1,2.511111111,1.255555556,3.8,0,15
14006,ZETTON,MONSTER,20,6,4.861111111,0.5,500,3.45,20,1235,0,4,2000,0,20,115,55,26,25,0,0,0,0,0,0,1,2.738888889,1.369444444,4.2,0,15
14007,ZETTON,MONSTER,20,7,5.633333333,0.5,600,3.58,20,1291,0,4,2000,0,20,119,59,27,26,0,0,0,0,0,0,1,2.966666667,1.483333333,4.2,0,15
14008,ZETTON,MONSTER,20,8,6.405555556,0.6,700,3.71,20,1346,0,4,2000,0,20,124,63,28,27,0,0,0,0,0,0,1,3.194444444,1.597222222,4.6,0,15
14009,ZETTON,MONSTER,20,9,7.177777778,0.6,850,3.84,30,1383,0,5,2000,0,20,129,67,29,28,0,0,0,0,0,0,1,3.422222222,1.711111111,4.6,0,15
14010,ZETTON,MONSTER,20,10,7.95,0.7,950,3.97,30,1439,0,5,2000,0,20,133,71,30,29,0,0,0,0,0,0,1,3.65,1.825,5,0,15
14011,ZETTON,MONSTER,20,11,8.722222222,0.7,1100,4.1,30,1494,0,5,2000,0,20,138,75,31,30,0,0,0,0,0,0,1,3.877777778,1.938888889,5,0,15
14012,ZETTON,MONSTER,20,12,9.494444444,0.8,1250,4.23,30,1550,0,5,2000,0,20,142,79,32,31,0,0,0,0,0,0,1,4.105555556,2.052777778,5.4,0,15
14013,ZETTON,MONSTER,20,13,10.26666667,0.8,1400,4.36,40,1606,0,5,2000,0,20,147,83,33,32,0,0,0,0,0,0,1,4.333333333,2.166666667,5.4,0,15
14014,ZETTON,MONSTER,20,14,11.03888889,0.95,1500,4.49,40,1642,0,6,2000,0,20,152,87,34,33,0,0,0,0,0,0,1,4.561111111,2.280555556,5.8,0,15
14015,ZETTON,MONSTER,20,15,11.81111111,0.95,1650,4.62,40,1698,0,6,2000,0,20,156,91,35,34,0,0,0,0,0,0,1,4.788888889,2.394444444,5.8,0,15
14016,ZETTON,MONSTER,20,16,12.58333333,1.1,1800,4.75,40,1754,0,6,2000,0,20,161,95,36,35,0,0,0,0,0,0,1,5.016666667,2.508333333,6.2,0,15
14017,ZETTON,MONSTER,20,17,13.35555556,1.1,1950,4.88,50,1809,0,6,2000,0,20,165,99,37,36,0,0,0,0,0,0,1,5.244444444,2.622222222,6.2,0,15
14018,ZETTON,MONSTER,20,18,14.12777778,1.25,2100,5.01,50,1865,0,6,2000,0,20,170,103,38,37,0,0,0,0,0,0,1,5.472222222,2.736111111,6.6,0,15
14019,ZETTON,MONSTER,20,19,14.9,1.25,2250,5.14,50,1902,0,7,2000,0,20,175,107,39,38,0,0,0,0,0,0,1,5.7,2.85,6.6,0,15
14020,ZETTON,MONSTER,20,20,14.9,1.6,2450,5.27,50,1957,0,7,2000,0,20,179,111,40,39,0,0,0,0,0,0,1,5.7,2.85,7,0,15
14021,ZETTON,MONSTER,20,21,14.9,1.6,2600,5.4,50,2013,0,7,2000,0,20,184,115,42,40,0,0,0,0,0,0,1,5.7,2.85,7,0,15
14022,ZETTON,MONSTER,20,22,14.9,1.6,2750,5.53,50,2068,0,7,2000,0,20,189,119,43,41,0,0,0,0,0,0,1,5.7,2.85,7,0,15
14023,ZETTON,MONSTER,20,23,14.9,1.6,2900,5.66,50,2124,0,7,2000,0,20,193,123,44,42,0,0,0,0,0,0,1,5.7,2.85,7,0,15
14024,ZETTON,MONSTER,20,24,14.9,1.6,3100,5.79,50,2161,0,8,2000,0,20,198,127,45,43,0,0,0,0,0,0,1,5.7,2.85,7,0,15
14025,ZETTON,MONSTER,20,25,14.9,1.6,3250,5.92,50,2216,0,8,2000,0,20,202,131,46,44,0,0,0,0,0,0,1,5.7,2.85,7,0,15
15001,ZERO,ULTRA,20,1,1,0.3,50,2.8,10,816,0,2,2000,0,20,65,40,19,19,0,0,0,0,0,0,1,1.9,0.95,4,0,15
15002,ZERO,ULTRA,20,2,1.766666667,0.35,100,2.93,10,864,0,2,2000,0,20,68,44,20,20,0,0,0,0,0,0,1,2.273333333,1.136666667,4.4,0,15
15003,ZERO,ULTRA,20,3,2.533333333,0.35,200,3.06,10,911,0,2,2000,0,20,71,48,21,21,0,0,0,0,0,0,1,2.646666667,1.323333333,4.4,0,15
15004,ZERO,ULTRA,20,4,3.3,0.4,300,3.19,10,940,0,3,2000,0,20,75,52,22,22,0,0,0,0,0,0,1,3.02,1.51,4.8,0,15
15005,ZERO,ULTRA,20,5,4.066666667,0.4,400,3.32,20,987,0,3,2000,0,20,78,56,23,23,0,0,0,0,0,0,1,3.393333333,1.696666667,4.8,0,15
15006,ZERO,ULTRA,20,6,4.833333333,0.5,500,3.45,20,1034,0,3,2000,0,20,81,60,24,24,0,0,0,0,0,0,1,3.766666667,1.883333333,5.2,0,15
15007,ZERO,ULTRA,20,7,5.6,0.5,600,3.58,20,1081,0,3,2000,0,20,85,64,25,25,0,0,0,0,0,0,1,4.14,2.07,5.2,0,15
15008,ZERO,ULTRA,20,8,6.366666667,0.6,700,3.71,20,1129,0,3,2000,0,20,88,68,26,26,0,0,0,0,0,0,1,4.513333333,2.256666667,5.6,0,15
15009,ZERO,ULTRA,20,9,7.133333333,0.6,850,3.84,30,1158,0,4,2000,0,20,92,72,27,27,0,0,0,0,0,0,1,4.886666667,2.443333333,5.6,0,15
15010,ZERO,ULTRA,20,10,7.9,0.7,950,3.97,30,1205,0,4,2000,0,20,95,76,28,28,0,0,0,0,0,0,1,5.26,2.63,6,0,15
15011,ZERO,ULTRA,20,11,8.666666667,0.7,1100,4.1,30,1252,0,4,2000,0,20,98,80,29,29,0,0,0,0,0,0,1,5.633333333,2.816666667,6,0,15
15012,ZERO,ULTRA,20,12,9.433333333,0.8,1250,4.23,30,1299,0,4,2000,0,20,102,84,30,30,0,0,0,0,0,0,1,6.006666667,3.003333333,6.4,0,15
15013,ZERO,ULTRA,20,13,10.2,0.8,1400,4.36,40,1347,0,4,2000,0,20,105,88,31,31,0,0,0,0,0,0,1,6.38,3.19,6.4,0,15
15014,ZERO,ULTRA,20,14,10.96666667,0.95,1500,4.49,40,1376,0,5,2000,0,20,109,92,32,32,0,0,0,0,0,0,1,6.753333333,3.376666667,6.8,0,15
15015,ZERO,ULTRA,20,15,11.73333333,0.95,1650,4.62,40,1423,0,5,2000,0,20,112,96,33,33,0,0,0,0,0,0,1,7.126666667,3.563333333,6.8,0,15
15016,ZERO,ULTRA,20,16,12.5,1.1,1800,4.75,40,1470,0,5,2000,0,20,115,100,34,34,0,0,0,0,0,0,1,7.5,3.75,7.2,0,15
15017,ZERO,ULTRA,20,17,12.5,1.1,1950,4.88,50,1517,0,5,2000,0,20,118,104,35,35,0,0,0,0,0,0,1,7.5,3.75,7.2,0,15
15018,ZERO,ULTRA,20,18,12.5,1.25,2100,5.01,50,1564,0,5,2000,0,20,122,108,36,36,0,0,0,0,0,0,1,7.5,3.75,7.6,0,15
15019,ZERO,ULTRA,20,19,12.5,1.25,2250,5.14,50,1594,0,6,2000,0,20,126,112,37,37,0,0,0,0,0,0,1,7.5,3.75,7.6,0,15
15020,ZERO,ULTRA,20,20,12.5,1.6,2450,5.27,50,1641,0,6,2000,0,20,129,116,38,38,0,0,0,0,0,0,1,7.5,3.75,8,0,15
15021,ZERO,ULTRA,20,21,12.5,1.6,2600,5.4,50,1688,0,6,2000,0,20,132,120,39,39,0,0,0,0,0,0,1,7.5,3.75,8,0,15
15022,ZERO,ULTRA,20,22,12.5,1.6,2750,5.53,50,1735,0,6,2000,0,20,135,124,40,40,0,0,0,0,0,0,1,7.5,3.75,8,0,15
15023,ZERO,ULTRA,20,23,12.5,1.6,2900,5.66,50,1782,0,6,2000,0,20,138,128,41,41,0,0,0,0,0,0,1,7.5,3.75,8,0,15
15024,ZERO,ULTRA,20,24,12.5,1.6,3100,5.79,50,1811,0,7,2000,0,20,143,132,42,42,0,0,0,0,0,0,1,7.5,3.75,8,0,15
15025,ZERO,ULTRA,20,25,12.5,1.6,3250,5.92,50,1859,0,7,2000,0,20,146,136,43,43,0,0,0,0,0,0,1,7.5,3.75,8,0,15
16001,MEPHILAS,MONSTER,20,1,1,0.3,50,2.8,10,771,0,1,2000,0,20,68,50,19,21,0,0,0,0,0,0,1,3.8,0.4,3.5,0,15
16002,MEPHILAS,MONSTER,20,2,1.764285714,0.35,100,2.93,10,816,0,1,2000,0,20,71,54,20,22,0,0,0,0,0,0,1,4.442105263,0.515789474,3.9,0,15
16003,MEPHILAS,MONSTER,20,3,2.528571429,0.35,200,3.06,10,860,0,1,2000,0,20,74,58,21,23,0,0,0,0,0,0,1,5.084210526,0.631578947,3.9,0,15
16004,MEPHILAS,MONSTER,20,4,3.292857143,0.4,300,3.19,10,887,0,2,2000,0,20,79,62,22,24,0,0,0,0,0,0,1,5.726315789,0.747368421,4.3,0,15
16005,MEPHILAS,MONSTER,20,5,4.057142857,0.4,400,3.32,20,932,0,2,2000,0,20,82,66,23,25,0,0,0,0,0,0,1,6.368421053,0.863157895,4.3,0,15
16006,MEPHILAS,MONSTER,20,6,4.821428571,0.5,500,3.45,20,977,0,2,2000,0,20,85,70,24,26,0,0,0,0,0,0,1,7.010526316,0.978947368,4.7,0,15
16007,MEPHILAS,MONSTER,20,7,5.585714286,0.5,600,3.58,20,1022,0,2,2000,0,20,89,74,25,27,0,0,0,0,0,0,1,7.652631579,1.094736842,4.7,0,15
16008,MEPHILAS,MONSTER,20,8,6.35,0.6,700,3.71,20,1066,0,2,2000,0,20,92,78,26,28,0,0,0,0,0,0,1,8.294736842,1.210526316,5.1,0,15
16009,MEPHILAS,MONSTER,20,9,7.114285714,0.6,850,3.84,30,1093,0,3,2000,0,20,97,82,27,29,0,0,0,0,0,0,1,8.936842105,1.326315789,5.1,0,15
16010,MEPHILAS,MONSTER,20,10,7.878571429,0.7,950,3.97,30,1138,0,3,2000,0,20,100,86,28,30,0,0,0,0,0,0,1,9.578947368,1.442105263,5.5,0,15
16011,MEPHILAS,MONSTER,20,11,8.642857143,0.7,1100,4.1,30,1183,0,3,2000,0,20,103,90,29,31,0,0,0,0,0,0,1,10.22105263,1.557894737,5.5,0,15
16012,MEPHILAS,MONSTER,20,12,9.407142857,0.8,1250,4.23,30,1228,0,3,2000,0,20,106,94,30,32,0,0,0,0,0,0,1,10.86315789,1.673684211,5.9,0,15
16013,MEPHILAS,MONSTER,20,13,10.17142857,0.8,1400,4.36,40,1273,0,3,2000,0,20,110,98,31,33,0,0,0,0,0,0,1,11.50526316,1.789473684,5.9,0,15
16014,MEPHILAS,MONSTER,20,14,10.93571429,0.95,1500,4.49,40,1299,0,4,2000,0,20,114,102,32,34,0,0,0,0,0,0,1,12.14736842,1.905263158,6.3,0,15
16015,MEPHILAS,MONSTER,20,15,11.7,0.95,1650,4.62,40,1344,0,4,2000,0,20,118,106,33,35,0,0,0,0,0,0,1,12.78947368,2.021052632,6.3,0,15
16016,MEPHILAS,MONSTER,20,16,11.7,1.1,1800,4.75,40,1389,0,4,2000,0,20,121,110,34,36,0,0,0,0,0,0,1,13.43157895,2.136842105,6.7,0,15
16017,MEPHILAS,MONSTER,20,17,11.7,1.1,1950,4.88,50,1434,0,4,2000,0,20,124,114,35,37,0,0,0,0,0,0,1,14.07368421,2.252631579,6.7,0,15
16018,MEPHILAS,MONSTER,20,18,11.7,1.25,2100,5.01,50,1479,0,4,2000,0,20,127,118,36,38,0,0,0,0,0,0,1,14.71578947,2.368421053,7.1,0,15
16019,MEPHILAS,MONSTER,20,19,11.7,1.25,2250,5.14,50,1506,0,5,2000,0,20,132,122,37,39,0,0,0,0,0,0,1,15.35789474,2.484210526,7.1,0,15
16020,MEPHILAS,MONSTER,20,20,11.7,1.6,2450,5.27,50,1550,0,4,2000,0,20,135,126,38,40,0,0,0,0,0,0,1,16,2.6,7.5,0,15
16021,MEPHILAS,MONSTER,20,21,11.7,1.6,2600,5.4,50,1595,0,4,2000,0,20,139,130,39,42,0,0,0,0,0,0,1,16,2.6,7.5,0,15
16022,MEPHILAS,MONSTER,20,22,11.7,1.6,2750,5.53,50,1640,0,4,2000,0,20,142,134,40,43,0,0,0,0,0,0,1,16,2.6,7.5,0,15
16023,MEPHILAS,MONSTER,20,23,11.7,1.6,2900,5.66,50,1685,0,4,2000,0,20,145,138,41,44,0,0,0,0,0,0,1,16,2.6,7.5,0,15
16024,MEPHILAS,MONSTER,20,24,11.7,1.6,3100,5.79,50,1712,0,5,2000,0,20,150,142,42,45,0,0,0,0,0,0,1,16,2.6,7.5,0,15
16025,MEPHILAS,MONSTER,20,25,11.7,1.6,3250,5.92,50,1756,0,5,2000,0,20,153,146,43,46,0,0,0,0,0,0,1,16,2.6,7.5,0,15
17001,BELIAL,MONSTER,20,1,1,0.3,50,2.8,10,657,0,1,2000,0,20,68,55,18,20,0,0,0,0,0,0,1,3.8,0.4,3.55,0,15
17002,BELIAL,MONSTER,20,2,1.74,0.35,100,2.93,10,696,0,1,2000,0,20,72,59,19,21,0,0,0,0,0,0,1,4.442105263,0.515789474,3.95,0,15
17003,BELIAL,MONSTER,20,3,2.48,0.35,200,3.06,10,734,0,1,2000,0,20,75,63,20,22,0,0,0,0,0,0,1,5.084210526,0.631578947,3.95,0,15
17004,BELIAL,MONSTER,20,4,3.22,0.4,300,3.19,10,756,0,2,2000,0,20,79,67,21,23,0,0,0,0,0,0,1,5.726315789,0.747368421,4.35,0,15
17005,BELIAL,MONSTER,20,5,3.96,0.4,400,3.32,20,795,0,2,2000,0,20,82,71,22,24,0,0,0,0,0,0,1,6.368421053,0.863157895,4.35,0,15
17006,BELIAL,MONSTER,20,6,4.7,0.5,500,3.45,20,833,0,2,2000,0,20,86,75,23,25,0,0,0,0,0,0,1,7.010526316,0.978947368,4.75,0,15
17007,BELIAL,MONSTER,20,7,5.44,0.5,600,3.58,20,872,0,2,2000,0,20,89,79,24,26,0,0,0,0,0,0,1,7.652631579,1.094736842,4.75,0,15
17008,BELIAL,MONSTER,20,8,6.18,0.6,700,3.71,20,911,0,2,2000,0,20,92,83,25,27,0,0,0,0,0,0,1,8.294736842,1.210526316,5.15,0,15
17009,BELIAL,MONSTER,20,9,6.92,0.6,850,3.84,30,932,0,3,2000,0,20,97,87,26,28,0,0,0,0,0,0,1,8.936842105,1.326315789,5.15,0,15
17010,BELIAL,MONSTER,20,10,7.66,0.7,950,3.97,30,971,0,3,2000,0,20,100,91,27,29,0,0,0,0,0,0,1,9.578947368,1.442105263,5.55,0,15
17011,BELIAL,MONSTER,20,11,8.4,0.7,1100,4.1,30,1010,0,3,2000,0,20,103,95,28,30,0,0,0,0,0,0,1,10.22105263,1.557894737,5.55,0,15
17012,BELIAL,MONSTER,20,12,9.14,0.8,1250,4.23,30,1049,0,3,2000,0,20,107,99,29,31,0,0,0,0,0,0,1,10.86315789,1.673684211,5.95,0,15
17013,BELIAL,MONSTER,20,13,9.88,0.8,1400,4.36,40,1088,0,3,2000,0,20,110,103,30,32,0,0,0,0,0,0,1,11.50526316,1.789473684,5.95,0,15
17014,BELIAL,MONSTER,20,14,10.62,0.95,1500,4.49,40,1109,0,4,2000,0,20,114,107,31,33,0,0,0,0,0,0,1,12.14736842,1.905263158,6.35,0,15
17015,BELIAL,MONSTER,20,15,11.36,0.95,1650,4.62,40,1148,0,4,2000,0,20,118,111,32,34,0,0,0,0,0,0,1,12.78947368,2.021052632,6.35,0,15
17016,BELIAL,MONSTER,20,16,12.1,1.1,1800,4.75,40,1187,0,4,2000,0,20,121,115,33,35,0,0,0,0,0,0,1,13.43157895,2.136842105,6.75,0,15
17017,BELIAL,MONSTER,20,17,12.1,1.1,1950,4.88,50,1225,0,4,2000,0,20,124,119,34,36,0,0,0,0,0,0,1,14.07368421,2.252631579,6.75,0,15
17018,BELIAL,MONSTER,20,18,12.1,1.25,2100,5.01,50,1264,0,4,2000,0,20,128,123,35,38,0,0,0,0,0,0,1,14.71578947,2.368421053,7.15,0,15
17019,BELIAL,MONSTER,20,19,12.1,1.25,2250,5.14,50,1286,0,5,2000,0,20,132,127,36,39,0,0,0,0,0,0,1,15.35789474,2.484210526,7.15,0,15
17020,BELIAL,MONSTER,20,20,12.1,1.6,2450,5.27,50,1324,0,4,2000,0,20,135,131,36,40,0,0,0,0,0,0,1,16,2.6,7.55,0,15
17021,BELIAL,MONSTER,20,21,12.1,1.6,2600,5.4,50,1363,0,4,2000,0,20,139,135,37,41,0,0,0,0,0,0,1,16,2.6,7.55,0,15
17022,BELIAL,MONSTER,20,22,12.1,1.6,2750,5.53,50,1402,0,4,2000,0,20,142,139,38,42,0,0,0,0,0,0,1,16,2.6,7.55,0,15
17023,BELIAL,MONSTER,20,23,12.1,1.6,2900,5.66,50,1441,0,4,2000,0,20,145,143,39,43,0,0,0,0,0,0,1,16,2.6,7.55,0,15
17024,BELIAL,MONSTER,20,24,12.1,1.6,3100,5.79,50,1462,0,5,2000,0,20,149,147,40,44,0,0,0,0,0,0,1,16,2.6,7.55,0,15
17025,BELIAL,MONSTER,20,25,12.1,1.6,3250,5.92,50,1501,0,5,2000,0,20,153,151,41,45,0,0,0,0,0,0,1,16,2.6,7.55,0,15
18001,MEBIUS,ULTRA,20,1,1,0.3,50,2.8,10,839,0,1,2000,0,20,57,35,19,19,0,0,0,0,0,0,1,3.8,0.4,4,0,15
18002,MEBIUS,ULTRA,20,2,1.766666667,0.35,100,2.93,10,888,0,1,2000,0,20,60,39,20,20,0,0,0,0,0,0,1,4.442105263,0.515789474,4.4,0,15
18003,MEBIUS,ULTRA,20,3,2.533333333,0.35,200,3.06,10,936,0,1,2000,0,20,63,43,21,21,0,0,0,0,0,0,1,5.084210526,0.631578947,4.4,0,15
18004,MEBIUS,ULTRA,20,4,3.3,0.4,300,3.19,10,966,0,2,2000,0,20,67,47,22,22,0,0,0,0,0,0,1,5.726315789,0.747368421,4.8,0,15
18005,MEBIUS,ULTRA,20,5,4.066666667,0.4,400,3.32,20,1015,0,2,2000,0,20,70,51,23,23,0,0,0,0,0,0,1,6.368421053,0.863157895,4.8,0,15
18006,MEBIUS,ULTRA,20,6,4.833333333,0.5,500,3.45,20,1063,0,2,2000,0,20,72,55,24,24,0,0,0,0,0,0,1,7.010526316,0.978947368,5.2,0,15
18007,MEBIUS,ULTRA,20,7,5.6,0.5,600,3.58,20,1111,0,2,2000,0,20,75,59,25,25,0,0,0,0,0,0,1,7.652631579,1.094736842,5.2,0,15
18008,MEBIUS,ULTRA,20,8,6.366666667,0.6,700,3.71,20,1160,0,2,2000,0,20,78,63,26,26,0,0,0,0,0,0,1,8.294736842,1.210526316,5.6,0,15
18009,MEBIUS,ULTRA,20,9,7.133333333,0.6,850,3.84,30,1190,0,3,2000,0,20,82,67,27,27,0,0,0,0,0,0,1,8.936842105,1.326315789,5.6,0,15
18010,MEBIUS,ULTRA,20,10,7.9,0.7,950,3.97,30,1238,0,3,2000,0,20,85,71,28,28,0,0,0,0,0,0,1,9.578947368,1.442105263,6,0,15
18011,MEBIUS,ULTRA,20,11,8.666666667,0.7,1100,4.1,30,1287,0,3,2000,0,20,87,75,29,29,0,0,0,0,0,0,1,10.22105263,1.557894737,6,0,15
18012,MEBIUS,ULTRA,20,12,9.433333333,0.8,1250,4.23,30,1335,0,3,2000,0,20,90,79,30,30,0,0,0,0,0,0,1,10.86315789,1.673684211,6.4,0,15
18013,MEBIUS,ULTRA,20,13,10.2,0.8,1400,4.36,40,1384,0,3,2000,0,20,93,83,31,31,0,0,0,0,0,0,1,11.50526316,1.789473684,6.4,0,15
18014,MEBIUS,ULTRA,20,14,10.96666667,0.95,1500,4.49,40,1414,0,4,2000,0,20,97,87,32,32,0,0,0,0,0,0,1,12.14736842,1.905263158,6.8,0,15
18015,MEBIUS,ULTRA,20,15,11.73333333,0.95,1650,4.62,40,1462,0,4,2000,0,20,100,91,33,33,0,0,0,0,0,0,1,12.78947368,2.021052632,6.8,0,15
18016,MEBIUS,ULTRA,20,16,12.5,1.1,1800,4.75,40,1511,0,4,2000,0,20,102,95,34,34,0,0,0,0,0,0,1,13.43157895,2.136842105,7.2,0,15
18017,MEBIUS,ULTRA,20,17,12.5,1.1,1950,4.88,50,1559,0,4,2000,0,20,105,99,35,35,0,0,0,0,0,0,1,14.07368421,2.252631579,7.2,0,15
18018,MEBIUS,ULTRA,20,18,12.5,1.25,2100,5.01,50,1607,0,4,2000,0,20,108,103,36,36,0,0,0,0,0,0,1,14.71578947,2.368421053,7.6,0,15
18019,MEBIUS,ULTRA,20,19,12.5,1.25,2250,5.14,50,1638,0,5,2000,0,20,112,107,37,37,0,0,0,0,0,0,1,15.35789474,2.484210526,7.6,0,15
18020,MEBIUS,ULTRA,20,20,12.5,1.6,2450,5.27,50,1686,0,5,2000,0,20,115,111,38,38,0,0,0,0,0,0,1,16,2.6,8,0,15
18021,MEBIUS,ULTRA,20,21,12.5,1.6,2600,5.4,50,1734,0,5,2000,0,20,117,115,39,39,0,0,0,0,0,0,1,16,2.6,8,0,15
18022,MEBIUS,ULTRA,20,22,12.5,1.6,2750,5.53,50,1783,0,5,2000,0,20,120,119,40,40,0,0,0,0,0,0,1,16,2.6,8,0,15
18023,MEBIUS,ULTRA,20,23,12.5,1.6,2900,5.66,50,1831,0,5,2000,0,20,123,123,41,41,0,0,0,0,0,0,1,16,2.6,8,0,15
18024,MEBIUS,ULTRA,20,24,12.5,1.6,3100,5.79,50,1861,0,6,2000,0,20,127,127,42,42,0,0,0,0,0,0,1,16,2.6,8,0,15
18025,MEBIUS,ULTRA,20,25,12.5,1.6,3250,5.92,50,1910,0,6,2000,0,20,130,131,43,43,0,0,0,0,0,0,1,16,2.6,8,0,15
19001,TIGA,ULTRA,20,1,1,0.3,50,2.8,10,930,0,2,2000,0,20,78,35,20,19,0,0,0,0,0,0,1,3.8,0.4,3.8,0,15
19002,TIGA,ULTRA,20,2,1.747058824,0.35,100,2.93,10,984,0,2,2000,0,20,82,39,21,20,0,0,0,0,0,0,1,4.442105263,0.515789474,4.2,0,15
19003,TIGA,ULTRA,20,3,2.494117647,0.35,200,3.06,10,1037,0,2,2000,0,20,86,43,22,21,0,0,0,0,0,0,1,5.084210526,0.631578947,4.2,0,15
19004,TIGA,ULTRA,20,4,3.241176471,0.4,300,3.19,10,1071,0,3,2000,0,20,90,47,23,22,0,0,0,0,0,0,1,5.726315789,0.747368421,4.6,0,15
19005,TIGA,ULTRA,20,5,3.988235294,0.4,400,3.32,20,1125,0,3,2000,0,20,94,51,24,23,0,0,0,0,0,0,1,6.368421053,0.863157895,4.6,0,15
19006,TIGA,ULTRA,20,6,4.735294118,0.5,500,3.45,20,1178,0,3,2000,0,20,98,55,25,24,0,0,0,0,0,0,1,7.010526316,0.978947368,5,0,15
19007,TIGA,ULTRA,20,7,5.482352941,0.5,600,3.58,20,1231,0,3,2000,0,20,102,59,26,25,0,0,0,0,0,0,1,7.652631579,1.094736842,5,0,15
19008,TIGA,ULTRA,20,8,6.229411765,0.6,700,3.71,20,1284,0,3,2000,0,20,106,63,27,26,0,0,0,0,0,0,1,8.294736842,1.210526316,5.4,0,15
19009,TIGA,ULTRA,20,9,6.976470588,0.6,850,3.84,30,1319,0,4,2000,0,20,110,67,28,27,0,0,0,0,0,0,1,8.936842105,1.326315789,5.4,0,15
19010,TIGA,ULTRA,20,10,7.723529412,0.7,950,3.97,30,1372,0,4,2000,0,20,114,71,29,28,0,0,0,0,0,0,1,9.578947368,1.442105263,5.8,0,15
19011,TIGA,ULTRA,20,11,8.470588235,0.7,1100,4.1,30,1425,0,4,2000,0,20,118,75,30,29,0,0,0,0,0,0,1,10.22105263,1.557894737,5.8,0,15
19012,TIGA,ULTRA,20,12,9.217647059,0.8,1250,4.23,30,1478,0,4,2000,0,20,122,79,31,30,0,0,0,0,0,0,1,10.86315789,1.673684211,6.2,0,15
19013,TIGA,ULTRA,20,13,9.964705882,0.8,1400,4.36,40,1532,0,4,2000,0,20,126,83,32,30,0,0,0,0,0,0,1,11.50526316,1.789473684,6.2,0,15
19014,TIGA,ULTRA,20,14,10.71176471,0.95,1500,4.49,40,1566,0,5,2000,0,20,131,87,33,31,0,0,0,0,0,0,1,12.14736842,1.905263158,6.6,0,15
19015,TIGA,ULTRA,20,15,11.45882353,0.95,1650,4.62,40,1619,0,5,2000,0,20,134,91,34,32,0,0,0,0,0,0,1,12.78947368,2.021052632,6.6,0,15
19016,TIGA,ULTRA,20,16,12.20588235,1.1,1800,4.75,40,1673,0,5,2000,0,20,138,95,35,33,0,0,0,0,0,0,1,13.43157895,2.136842105,7,0,15
19017,TIGA,ULTRA,20,17,12.95294118,1.1,1950,4.88,50,1726,0,5,2000,0,20,142,99,36,34,0,0,0,0,0,0,1,14.07368421,2.252631579,7,0,15
19018,TIGA,ULTRA,20,18,13.7,1.25,2100,5.01,50,1779,0,5,2000,0,20,146,103,37,35,0,0,0,0,0,0,1,14.71578947,2.368421053,7.4,0,15
19019,TIGA,ULTRA,20,19,13.7,1.25,2250,5.14,50,1814,0,6,2000,0,20,151,107,38,36,0,0,0,0,0,0,1,15.35789474,2.484210526,7.4,0,15
19020,TIGA,ULTRA,20,20,13.7,1.6,2450,5.27,50,1867,0,6,2000,0,20,154,111,39,37,0,0,0,0,0,0,1,16,2.6,7.8,0,15
19021,TIGA,ULTRA,20,21,13.7,1.6,2600,5.4,50,1920,0,6,2000,0,20,158,115,40,38,0,0,0,0,0,0,1,16,2.6,7.8,0,15
19022,TIGA,ULTRA,20,22,13.7,1.6,2750,5.53,50,1973,0,6,2000,0,20,162,119,41,39,0,0,0,0,0,0,1,16,2.6,7.8,0,15
19023,TIGA,ULTRA,20,23,13.7,1.6,2900,5.66,50,2026,0,6,2000,0,20,166,123,42,40,0,0,0,0,0,0,1,16,2.6,7.8,0,15
19024,TIGA,ULTRA,20,24,13.7,1.6,3100,5.79,50,2061,0,7,2000,0,20,171,127,43,41,0,0,0,0,0,0,1,16,2.6,7.8,0,15
19025,TIGA,ULTRA,20,25,13.7,1.6,3250,5.92,50,2114,0,7,2000,0,20,175,131,44,42,0,0,0,0,0,0,1,16,2.6,7.8,0,15
20001,DARKLUGIEL,MONSTER,20,1,1,0.3,50,2.8,10,794,0,2,2000,0,20,80,50,20,20,0,0,0,0,0,0,1,2.2,1.1,3.5,0,15
20002,DARKLUGIEL,MONSTER,20,2,1.74,0.35,100,2.93,10,840,0,2,2000,0,20,84,54,21,21,0,0,0,0,0,0,1,2.786666667,1.393333333,3.9,0,15
20003,DARKLUGIEL,MONSTER,20,3,2.48,0.35,200,3.06,10,886,0,2,2000,0,20,88,58,22,22,0,0,0,0,0,0,1,3.373333333,1.686666667,3.9,0,15
20004,DARKLUGIEL,MONSTER,20,4,3.22,0.4,300,3.19,10,914,0,3,2000,0,20,93,62,23,23,0,0,0,0,0,0,1,3.96,1.98,4.3,0,15
20005,DARKLUGIEL,MONSTER,20,5,3.96,0.4,400,3.32,20,960,0,3,2000,0,20,97,66,24,24,0,0,0,0,0,0,1,4.546666667,2.273333333,4.3,0,15
20006,DARKLUGIEL,MONSTER,20,6,4.7,0.5,500,3.45,20,1006,0,3,2000,0,20,101,70,25,25,0,0,0,0,0,0,1,5.133333333,2.566666667,4.7,0,15
20007,DARKLUGIEL,MONSTER,20,7,5.44,0.5,600,3.58,20,1052,0,3,2000,0,20,105,74,26,26,0,0,0,0,0,0,1,5.72,2.86,4.7,0,15
20008,DARKLUGIEL,MONSTER,20,8,6.18,0.6,700,3.71,20,1098,0,3,2000,0,20,109,78,27,27,0,0,0,0,0,0,1,6.306666667,3.153333333,5.1,0,15
20009,DARKLUGIEL,MONSTER,20,9,6.92,0.6,850,3.84,30,1126,0,4,2000,0,20,114,82,28,28,0,0,0,0,0,0,1,6.893333333,3.446666667,5.1,0,15
20010,DARKLUGIEL,MONSTER,20,10,7.66,0.7,950,3.97,30,1172,0,4,2000,0,20,118,86,29,29,0,0,0,0,0,0,1,7.48,3.74,5.5,0,15
20011,DARKLUGIEL,MONSTER,20,11,8.4,0.7,1100,4.1,30,1218,0,4,2000,0,20,122,90,30,30,0,0,0,0,0,0,1,8.066666667,4.033333333,5.5,0,15
20012,DARKLUGIEL,MONSTER,20,12,9.14,0.8,1250,4.23,30,1264,0,4,2000,0,20,126,94,31,31,0,0,0,0,0,0,1,8.653333333,4.326666667,5.9,0,15
20013,DARKLUGIEL,MONSTER,20,13,9.88,0.8,1400,4.36,40,1310,0,4,2000,0,20,130,98,32,32,0,0,0,0,0,0,1,9.24,4.62,5.9,0,15
20014,DARKLUGIEL,MONSTER,20,14,10.62,0.95,1500,4.49,40,1338,0,5,2000,0,20,135,102,33,33,0,0,0,0,0,0,1,9.826666667,4.913333333,6.3,0,15
20015,DARKLUGIEL,MONSTER,20,15,11.36,0.95,1650,4.62,40,1384,0,5,2000,0,20,138,106,34,34,0,0,0,0,0,0,1,10.41333333,5.206666667,6.3,0,15
20016,DARKLUGIEL,MONSTER,20,16,12.1,1.1,1800,4.75,40,1430,0,5,2000,0,20,142,110,35,35,0,0,0,0,0,0,1,11,5.5,6.7,0,15
20017,DARKLUGIEL,MONSTER,20,17,12.1,1.1,1950,4.88,50,1476,0,5,2000,0,20,146,114,36,36,0,0,0,0,0,0,1,11,5.5,6.7,0,15
20018,DARKLUGIEL,MONSTER,20,18,12.1,1.25,2100,5.01,50,1522,0,5,2000,0,20,150,118,37,37,0,0,0,0,0,0,1,11,5.5,7.1,0,15
20019,DARKLUGIEL,MONSTER,20,19,12.1,1.25,2250,5.14,50,1550,0,6,2000,0,20,155,122,38,38,0,0,0,0,0,0,1,11,5.5,7.1,0,15
20020,DARKLUGIEL,MONSTER,20,20,12.1,1.6,2450,5.27,50,1596,0,6,2000,0,20,159,126,39,39,0,0,0,0,0,0,1,11,5.5,7.5,0,15
20021,DARKLUGIEL,MONSTER,20,21,12.1,1.6,2600,5.4,50,1642,0,6,2000,0,20,163,130,40,40,0,0,0,0,0,0,1,11,5.5,7.5,0,15
20022,DARKLUGIEL,MONSTER,20,22,12.1,1.6,2750,5.53,50,1688,0,6,2000,0,20,167,134,41,41,0,0,0,0,0,0,1,11,5.5,7.5,0,15
20023,DARKLUGIEL,MONSTER,20,23,12.1,1.6,2900,5.66,50,1734,0,6,2000,0,20,171,138,42,42,0,0,0,0,0,0,1,11,5.5,7.5,0,15
20024,DARKLUGIEL,MONSTER,20,24,12.1,1.6,3100,5.79,50,1762,0,7,2000,0,20,176,142,43,43,0,0,0,0,0,0,1,11,5.5,7.5,0,15
20025,DARKLUGIEL,MONSTER,20,25,12.1,1.6,3250,5.92,50,1808,0,7,2000,0,20,180,146,44,44,0,0,0,0,0,0,1,11,5.5,7.5,0,15
