int,enum,int,int,float,float
Index,type_Char,Level,MPCost,Power,APRate
11101,ULTRA_MAN,1,200,66,200
11102,ULTRA_MAN,2,215,68,200
11103,ULTRA_MAN,3,230,70,200
11104,ULTRA_MAN,4,245,71,200
11105,ULTRA_MAN,5,260,73,200
11106,ULTRA_MAN,6,275,75,200
11107,ULTRA_MAN,7,290,77,200
11108,ULTRA_MAN,8,305,79,200
11109,ULTRA_MAN,9,320,80,200
11110,ULTRA_MAN,10,335,82,200
11111,ULTRA_MAN,11,350,84,200
11112,ULTRA_MAN,12,365,86,200
11113,ULTRA_MAN,13,380,88,200
11114,ULTRA_MAN,14,395,89,200
11115,ULTRA_MAN,15,410,91,200
11116,ULTRA_MAN,16,425,93,200
11117,ULTRA_MAN,17,440,95,200
11118,ULTRA_MAN,18,455,97,200
11119,ULTRA_MAN,19,470,98,200
11120,ULTRA_MAN,20,485,100,200
11121,ULTRA_MAN,21,500,102,200
11122,ULTRA_MAN,22,515,104,200
11123,ULTRA_MAN,23,530,106,200
11124,ULTRA_MAN,24,545,107,200
11125,ULTRA_MAN,25,560,109,200
11126,ULTRA_MAN,26,575,111,200
11127,ULTRA_MAN,27,590,113,200
11128,ULTRA_MAN,28,605,115,200
11129,ULTRA_MAN,29,620,116,200
11130,ULTRA_MAN,30,635,118,200
11131,ULTRA_MAN,31,650,120,200
11132,ULTRA_MAN,32,665,122,200
11133,ULTRA_MAN,33,680,124,200
11134,ULTRA_MAN,34,695,125,200
11135,ULTRA_MAN,35,710,127,200
11136,ULTRA_MAN,36,725,129,200
11137,ULTRA_MAN,37,740,131,200
11138,ULTRA_MAN,38,755,133,200
11139,ULTRA_MAN,39,770,134,200
11140,ULTRA_MAN,40,785,136,200
11201,ULTRA_MAN,1,200,45,125
11202,ULTRA_MAN,2,215,46,125
11203,ULTRA_MAN,3,230,47,125
11204,ULTRA_MAN,4,245,49,125
11205,ULTRA_MAN,5,260,50,125
11206,ULTRA_MAN,6,275,51,125
11207,ULTRA_MAN,7,290,53,125
11208,ULTRA_MAN,8,305,54,125
11209,ULTRA_MAN,9,320,55,125
11210,ULTRA_MAN,10,335,56,125
11211,ULTRA_MAN,11,350,58,125
11212,ULTRA_MAN,12,365,59,125
11213,ULTRA_MAN,13,380,60,125
11214,ULTRA_MAN,14,395,62,125
11215,ULTRA_MAN,15,410,63,125
11216,ULTRA_MAN,16,425,64,125
11217,ULTRA_MAN,17,440,65,125
11218,ULTRA_MAN,18,455,67,125
11219,ULTRA_MAN,19,470,68,125
11220,ULTRA_MAN,20,485,69,125
11221,ULTRA_MAN,21,500,71,125
11222,ULTRA_MAN,22,515,72,125
11223,ULTRA_MAN,23,530,73,125
11224,ULTRA_MAN,24,545,75,125
11225,ULTRA_MAN,25,560,76,125
11226,ULTRA_MAN,26,575,77,125
11227,ULTRA_MAN,27,590,79,125
11228,ULTRA_MAN,28,605,80,125
11229,ULTRA_MAN,29,620,81,125
11230,ULTRA_MAN,30,635,82,125
11231,ULTRA_MAN,31,650,84,125
11232,ULTRA_MAN,32,665,85,125
11233,ULTRA_MAN,33,680,86,125
11234,ULTRA_MAN,34,695,88,125
11235,ULTRA_MAN,35,710,89,125
11236,ULTRA_MAN,36,725,90,125
11237,ULTRA_MAN,37,740,92,125
11238,ULTRA_MAN,38,755,93,125
11239,ULTRA_MAN,39,770,94,125
11240,ULTRA_MAN,40,785,95,125
12101,COSMOS,1,200,31,250
12102,COSMOS,2,215,33,250
12103,COSMOS,3,230,35,250
12104,COSMOS,4,245,37,250
12105,COSMOS,5,260,40,250
12106,COSMOS,6,275,42,250
12107,COSMOS,7,290,44,250
12108,COSMOS,8,305,46,250
12109,COSMOS,9,320,48,250
12110,COSMOS,10,335,50,250
12111,COSMOS,11,350,53,250
12112,COSMOS,12,365,55,250
12113,COSMOS,13,380,57,250
12114,COSMOS,14,395,59,250
12115,COSMOS,15,410,61,250
12116,COSMOS,16,425,64,250
12117,COSMOS,17,440,66,250
12118,COSMOS,18,455,68,250
12119,COSMOS,19,470,70,250
12120,COSMOS,20,485,72,250
12121,COSMOS,21,500,74,250
12122,COSMOS,22,515,77,250
12123,COSMOS,23,530,79,250
12124,COSMOS,24,545,81,250
12125,COSMOS,25,560,83,250
12126,COSMOS,26,575,85,250
12127,COSMOS,27,590,87,250
12128,COSMOS,28,605,90,250
12129,COSMOS,29,620,92,250
12130,COSMOS,30,635,94,250
12131,COSMOS,31,650,96,250
12132,COSMOS,32,665,98,250
12133,COSMOS,33,680,100,250
12134,COSMOS,34,695,103,250
12135,COSMOS,35,710,105,250
12136,COSMOS,36,725,107,250
12137,COSMOS,37,740,109,250
12138,COSMOS,38,755,111,250
12139,COSMOS,39,770,114,250
12140,COSMOS,40,785,116,250
12201,COSMOS,1,200,32,80
12202,COSMOS,2,215,33,80
12203,COSMOS,3,230,34,80
12204,COSMOS,4,245,36,80
12205,COSMOS,5,260,37,80
12206,COSMOS,6,275,38,80
12207,COSMOS,7,290,39,80
12208,COSMOS,8,305,40,80
12209,COSMOS,9,320,42,80
12210,COSMOS,10,335,43,80
12211,COSMOS,11,350,44,80
12212,COSMOS,12,365,45,80
12213,COSMOS,13,380,46,80
12214,COSMOS,14,395,48,80
12215,COSMOS,15,410,49,80
12216,COSMOS,16,425,50,80
12217,COSMOS,17,440,51,80
12218,COSMOS,18,455,52,80
12219,COSMOS,19,470,54,80
12220,COSMOS,20,485,55,80
12221,COSMOS,21,500,56,80
12222,COSMOS,22,515,57,80
12223,COSMOS,23,530,58,80
12224,COSMOS,24,545,60,80
12225,COSMOS,25,560,61,80
12226,COSMOS,26,575,62,80
12227,COSMOS,27,590,63,80
12228,COSMOS,28,605,64,80
12229,COSMOS,29,620,66,80
12230,COSMOS,30,635,67,80
12231,COSMOS,31,650,68,80
12232,COSMOS,32,665,69,80
12233,COSMOS,33,680,70,80
12234,COSMOS,34,695,72,80
12235,COSMOS,35,710,73,80
12236,COSMOS,36,725,74,80
12237,COSMOS,37,740,75,80
12238,COSMOS,38,755,76,80
12239,COSMOS,39,770,78,80
12240,COSMOS,40,785,79,80
13101,GOMORA,1,200,144,61
13102,GOMORA,2,215,149,62
13103,GOMORA,3,230,155,63
13104,GOMORA,4,245,160,64
13105,GOMORA,5,260,165,65
13106,GOMORA,6,275,170,66
13107,GOMORA,7,290,175,67
13108,GOMORA,8,305,180,68
13109,GOMORA,9,320,185,69
13110,GOMORA,10,335,190,70
13111,GOMORA,11,350,195,71
13112,GOMORA,12,365,200,72
13113,GOMORA,13,380,205,73
13114,GOMORA,14,395,209,74
13115,GOMORA,15,410,214,75
13116,GOMORA,16,425,218,76
13117,GOMORA,17,440,222,77
13118,GOMORA,18,455,227,78
13119,GOMORA,19,470,231,79
13120,GOMORA,20,485,235,80
13121,GOMORA,21,500,239,81
13122,GOMORA,22,515,243,82
13123,GOMORA,23,530,247,83
13124,GOMORA,24,545,250,84
13125,GOMORA,25,560,254,85
13126,GOMORA,26,575,258,86
13127,GOMORA,27,590,261,87
13128,GOMORA,28,605,265,88
13129,GOMORA,29,620,268,89
13130,GOMORA,30,635,271,90
13131,GOMORA,31,650,274,91
13132,GOMORA,32,665,277,92
13133,GOMORA,33,680,280,93
13134,GOMORA,34,695,283,94
13135,GOMORA,35,710,286,95
13136,GOMORA,36,725,289,96
13137,GOMORA,37,740,292,97
13138,GOMORA,38,755,295,98
13139,GOMORA,39,770,297,99
13140,GOMORA,40,785,300,100
13201,GOMORA,1,200,172,61
13202,GOMORA,2,215,179,62
13203,GOMORA,3,230,185,63
13204,GOMORA,4,245,192,64
13205,GOMORA,5,260,199,65
13206,GOMORA,6,275,205,66
13207,GOMORA,7,290,212,67
13208,GOMORA,8,305,218,68
13209,GOMORA,9,320,225,69
13210,GOMORA,10,335,231,70
13211,GOMORA,11,350,237,71
13212,GOMORA,12,365,243,72
13213,GOMORA,13,380,249,73
13214,GOMORA,14,395,255,74
13215,GOMORA,15,410,261,75
13216,GOMORA,16,425,267,76
13217,GOMORA,17,440,273,77
13218,GOMORA,18,455,278,78
13219,GOMORA,19,470,284,79
13220,GOMORA,20,485,289,80
13221,GOMORA,21,500,295,81
13222,GOMORA,22,515,300,82
13223,GOMORA,23,530,305,83
13224,GOMORA,24,545,311,84
13225,GOMORA,25,560,316,85
13226,GOMORA,26,575,321,86
13227,GOMORA,27,590,326,87
13228,GOMORA,28,605,330,88
13229,GOMORA,29,620,335,89
13230,GOMORA,30,635,340,90
13231,GOMORA,31,650,344,91
13232,GOMORA,32,665,349,92
13233,GOMORA,33,680,353,93
13234,GOMORA,34,695,358,94
13235,GOMORA,35,710,362,95
13236,GOMORA,36,725,366,96
13237,GOMORA,37,740,370,97
13238,GOMORA,38,755,374,98
13239,GOMORA,39,770,378,99
13240,GOMORA,40,785,382,100
14101,ZETTON,1,200,353,3
14102,ZETTON,2,215,371,6
14103,ZETTON,3,230,391,9
14104,ZETTON,4,245,410,12
14105,ZETTON,5,260,429,15
14106,ZETTON,6,275,447,18
14107,ZETTON,7,290,466,21
14108,ZETTON,8,305,484,24
14109,ZETTON,9,320,502,27
14110,ZETTON,10,335,519,30
14111,ZETTON,11,350,537,33
14112,ZETTON,12,365,554,36
14113,ZETTON,13,380,571,39
14114,ZETTON,14,395,588,42
14115,ZETTON,15,410,604,45
14116,ZETTON,16,425,620,48
14117,ZETTON,17,440,636,51
14118,ZETTON,18,455,652,54
14119,ZETTON,19,470,668,57
14120,ZETTON,20,485,683,60
14121,ZETTON,21,500,698,63
14122,ZETTON,22,515,713,66
14123,ZETTON,23,530,727,69
14124,ZETTON,24,545,742,72
14125,ZETTON,25,560,756,75
14126,ZETTON,26,575,770,78
14127,ZETTON,27,590,783,81
14128,ZETTON,28,605,796,84
14129,ZETTON,29,620,810,87
14130,ZETTON,30,635,822,90
14131,ZETTON,31,650,835,93
14132,ZETTON,32,665,847,96
14133,ZETTON,33,680,859,99
14134,ZETTON,34,695,871,102
14135,ZETTON,35,710,883,105
14136,ZETTON,36,725,895,108
14137,ZETTON,37,740,906,111
14138,ZETTON,38,755,917,114
14139,ZETTON,39,770,928,117
14140,ZETTON,40,785,938,120
14201,ZETTON,1,200,185,32
14202,ZETTON,2,215,193,34
14203,ZETTON,3,230,200,36
14204,ZETTON,4,245,208,38
14205,ZETTON,5,260,215,40
14206,ZETTON,6,275,222,42
14207,ZETTON,7,290,229,44
14208,ZETTON,8,305,236,46
14209,ZETTON,9,320,242,48
14210,ZETTON,10,335,249,50
14211,ZETTON,11,350,255,52
14212,ZETTON,12,365,261,54
14213,ZETTON,13,380,267,56
14214,ZETTON,14,395,273,58
14215,ZETTON,15,410,279,60
14216,ZETTON,16,425,284,62
14217,ZETTON,17,440,289,64
14218,ZETTON,18,455,295,66
14219,ZETTON,19,470,300,68
14220,ZETTON,20,485,305,70
14221,ZETTON,21,500,309,72
14222,ZETTON,22,515,314,74
14223,ZETTON,23,530,318,76
14224,ZETTON,24,545,322,78
14225,ZETTON,25,560,326,80
14226,ZETTON,26,575,330,82
14227,ZETTON,27,590,334,84
14228,ZETTON,28,605,338,86
14229,ZETTON,29,620,341,88
14230,ZETTON,30,635,344,90
14231,ZETTON,31,650,347,92
14232,ZETTON,32,665,350,94
14233,ZETTON,33,680,353,96
14234,ZETTON,34,695,356,98
14235,ZETTON,35,710,358,100
14236,ZETTON,36,725,360,102
14237,ZETTON,37,740,363,104
14238,ZETTON,38,755,365,106
14239,ZETTON,39,770,366,108
14240,ZETTON,40,785,368,110
15101,ZERO,1,200,83,19
15102,ZERO,2,215,86,20
15103,ZERO,3,230,89,21
15104,ZERO,4,245,92,22
15105,ZERO,5,260,95,25
15106,ZERO,6,275,98,26
15107,ZERO,7,290,101,27
15108,ZERO,8,305,103,28
15109,ZERO,9,320,106,29
15110,ZERO,10,335,109,30
15111,ZERO,11,350,111,31
15112,ZERO,12,365,114,32
15113,ZERO,13,380,116,33
15114,ZERO,14,395,118,34
15115,ZERO,15,410,121,35
15116,ZERO,16,425,123,36
15117,ZERO,17,440,125,37
15118,ZERO,18,455,127,38
15119,ZERO,19,470,129,39
15120,ZERO,20,485,130,40
15121,ZERO,21,500,132,41
15122,ZERO,22,515,134,42
15123,ZERO,23,530,135,43
15124,ZERO,24,545,137,44
15125,ZERO,25,560,138,45
15126,ZERO,26,575,140,46
15127,ZERO,27,590,141,47
15128,ZERO,28,605,142,48
15129,ZERO,29,620,143,49
15130,ZERO,30,635,144,50
15131,ZERO,31,650,145,51
15132,ZERO,32,665,146,52
15133,ZERO,33,680,147,53
15134,ZERO,34,695,147,54
15135,ZERO,35,710,148,55
15136,ZERO,36,725,149,56
15137,ZERO,37,740,149,57
15138,ZERO,38,755,149,58
15139,ZERO,39,770,150,59
15140,ZERO,40,785,150,60
15201,ZERO,1,200,116,60
15202,ZERO,2,215,120,61
15203,ZERO,3,230,124,62
15204,ZERO,4,245,128,63
15205,ZERO,5,260,132,64
15206,ZERO,6,275,136,65
15207,ZERO,7,290,140,66
15208,ZERO,8,305,143,67
15209,ZERO,9,320,147,68
15210,ZERO,10,335,151,69
15211,ZERO,11,350,154,70
15212,ZERO,12,365,157,71
15213,ZERO,13,380,161,72
15214,ZERO,14,395,164,73
15215,ZERO,15,410,167,74
15216,ZERO,16,425,170,75
15217,ZERO,17,440,173,76
15218,ZERO,18,455,176,77
15219,ZERO,19,470,179,78
15220,ZERO,20,485,182,79
15221,ZERO,21,500,184,80
15222,ZERO,22,515,187,81
15223,ZERO,23,530,189,82
15224,ZERO,24,545,191,83
15225,ZERO,25,560,194,84
15226,ZERO,26,575,196,85
15227,ZERO,27,590,198,86
15228,ZERO,28,605,200,87
15229,ZERO,29,620,202,88
15230,ZERO,30,635,204,89
15231,ZERO,31,650,206,90
15232,ZERO,32,665,208,91
15233,ZERO,33,680,209,92
15234,ZERO,34,695,211,93
15235,ZERO,35,710,213,94
15236,ZERO,36,725,214,95
15237,ZERO,37,740,216,96
15238,ZERO,38,755,217,97
15239,ZERO,39,770,218,98
15240,ZERO,40,785,219,99
16101,MEPHILAS,1,200,100,80
16102,MEPHILAS,2,215,103,81
16103,MEPHILAS,3,230,106,82
16104,MEPHILAS,4,245,109,83
16105,MEPHILAS,5,260,112,84
16106,MEPHILAS,6,275,115,85
16107,MEPHILAS,7,290,118,86
16108,MEPHILAS,8,305,121,87
16109,MEPHILAS,9,320,124,88
16110,MEPHILAS,10,335,127,89
16111,MEPHILAS,11,350,129,90
16112,MEPHILAS,12,365,133,91
16113,MEPHILAS,13,380,135,92
16114,MEPHILAS,14,395,137,93
16115,MEPHILAS,15,410,139,80
16116,MEPHILAS,16,425,156,81
16117,MEPHILAS,17,440,159,82
16118,MEPHILAS,18,455,161,83
16119,MEPHILAS,19,470,164,84
16120,MEPHILAS,20,485,166,85
16121,MEPHILAS,21,500,168,86
16122,MEPHILAS,22,515,170,87
16123,MEPHILAS,23,530,173,88
16124,MEPHILAS,24,545,175,89
16125,MEPHILAS,25,560,177,90
16126,MEPHILAS,26,575,179,91
16127,MEPHILAS,27,590,180,92
16128,MEPHILAS,28,605,182,93
16129,MEPHILAS,29,620,184,94
16130,MEPHILAS,30,635,185,95
16131,MEPHILAS,31,650,187,96
16132,MEPHILAS,32,665,188,97
16133,MEPHILAS,33,680,190,98
16134,MEPHILAS,34,695,191,99
16135,MEPHILAS,35,710,192,100
16136,MEPHILAS,36,725,193,101
16137,MEPHILAS,37,740,194,102
16138,MEPHILAS,38,755,195,103
16139,MEPHILAS,39,770,196,104
16140,MEPHILAS,40,785,197,105
16201,MEPHILAS,1,200,146,71
16202,MEPHILAS,2,215,152,72
16203,MEPHILAS,3,230,158,73
16204,MEPHILAS,4,245,163,74
16205,MEPHILAS,5,260,169,75
16206,MEPHILAS,6,275,174,76
16207,MEPHILAS,7,290,180,77
16208,MEPHILAS,8,305,185,78
16209,MEPHILAS,9,320,190,79
16210,MEPHILAS,10,335,195,80
16211,MEPHILAS,11,350,200,81
16212,MEPHILAS,12,365,205,82
16213,MEPHILAS,13,380,210,83
16214,MEPHILAS,14,395,215,84
16215,MEPHILAS,15,410,220,85
16216,MEPHILAS,16,425,224,86
16217,MEPHILAS,17,440,228,87
16218,MEPHILAS,18,455,233,88
16219,MEPHILAS,19,470,237,89
16220,MEPHILAS,20,485,242,90
16221,MEPHILAS,21,500,246,91
16222,MEPHILAS,22,515,250,92
16223,MEPHILAS,23,530,254,93
16224,MEPHILAS,24,545,258,94
16225,MEPHILAS,25,560,262,95
16226,MEPHILAS,26,575,266,96
16227,MEPHILAS,27,590,269,97
16228,MEPHILAS,28,605,273,98
16229,MEPHILAS,29,620,276,99
16230,MEPHILAS,30,635,280,100
16231,MEPHILAS,31,650,283,101
16232,MEPHILAS,32,665,287,102
16233,MEPHILAS,33,680,290,103
16234,MEPHILAS,34,695,293,104
16235,MEPHILAS,35,710,296,105
16236,MEPHILAS,36,725,299,106
16237,MEPHILAS,37,740,302,107
16238,MEPHILAS,38,755,305,108
16239,MEPHILAS,39,770,308,109
16240,MEPHILAS,40,785,310,110
17101,BELIAL,1,200,118,91
17102,BELIAL,2,215,122,92
17103,BELIAL,3,230,126,93
17104,BELIAL,4,245,130,94
17105,BELIAL,5,260,134,95
17106,BELIAL,6,275,138,96
17107,BELIAL,7,290,142,97
17108,BELIAL,8,305,145,98
17109,BELIAL,9,320,149,99
17110,BELIAL,10,335,153,100
17111,BELIAL,11,350,156,101
17112,BELIAL,12,365,159,102
17113,BELIAL,13,380,163,103
17114,BELIAL,14,395,166,104
17115,BELIAL,15,410,169,105
17116,BELIAL,16,425,172,106
17117,BELIAL,17,440,175,107
17118,BELIAL,18,455,178,108
17119,BELIAL,19,470,181,109
17120,BELIAL,20,485,183,110
17121,BELIAL,21,500,186,111
17122,BELIAL,22,515,189,112
17123,BELIAL,23,530,191,113
17124,BELIAL,24,545,194,114
17125,BELIAL,25,560,196,115
17126,BELIAL,26,575,198,116
17127,BELIAL,27,590,200,117
17128,BELIAL,28,605,202,118
17129,BELIAL,29,620,204,119
17130,BELIAL,30,635,206,120
17131,BELIAL,31,650,208,121
17132,BELIAL,32,665,210,122
17133,BELIAL,33,680,212,123
17134,BELIAL,34,695,213,124
17135,BELIAL,35,710,215,125
17136,BELIAL,36,725,216,126
17137,BELIAL,37,740,218,127
17138,BELIAL,38,755,219,128
17139,BELIAL,39,770,220,129
17140,BELIAL,40,785,221,130
17201,BELIAL,1,200,62,100
17202,BELIAL,2,215,64,100
17203,BELIAL,3,230,66,100
17204,BELIAL,4,245,68,100
17205,BELIAL,5,260,70,100
17206,BELIAL,6,275,72,100
17207,BELIAL,7,290,74,100
17208,BELIAL,8,305,75,100
17209,BELIAL,9,320,77,100
17210,BELIAL,10,335,79,100
17211,BELIAL,11,350,81,100
17212,BELIAL,12,365,83,100
17213,BELIAL,13,380,85,100
17214,BELIAL,14,395,87,100
17215,BELIAL,15,410,88,100
17216,BELIAL,16,425,90,100
17217,BELIAL,17,440,92,100
17218,BELIAL,18,455,94,100
17219,BELIAL,19,470,96,100
17220,BELIAL,20,485,98,100
17221,BELIAL,21,500,100,100
17222,BELIAL,22,515,102,100
17223,BELIAL,23,530,103,100
17224,BELIAL,24,545,105,100
17225,BELIAL,25,560,107,100
17226,BELIAL,26,575,109,100
17227,BELIAL,27,590,111,100
17228,BELIAL,28,605,113,100
17229,BELIAL,29,620,115,100
17230,BELIAL,30,635,116,100
17231,BELIAL,31,650,118,100
17232,BELIAL,32,665,120,100
17233,BELIAL,33,680,122,100
17234,BELIAL,34,695,124,100
17235,BELIAL,35,710,126,100
17236,BELIAL,36,725,128,100
17237,BELIAL,37,740,130,100
17238,BELIAL,38,755,131,100
17239,BELIAL,39,770,133,100
17240,BELIAL,40,785,135,100
18101,MEBIUS,1,200,51,50
18102,MEBIUS,2,215,52,50
18103,MEBIUS,3,230,54,50
18104,MEBIUS,4,245,55,50
18105,MEBIUS,5,260,56,50
18106,MEBIUS,6,275,58,50
18107,MEBIUS,7,290,59,50
18108,MEBIUS,8,305,61,50
18109,MEBIUS,9,320,65,50
18110,MEBIUS,10,335,66,50
18111,MEBIUS,11,350,67,50
18112,MEBIUS,12,365,68,50
18113,MEBIUS,13,380,69,50
18114,MEBIUS,14,395,70,50
18115,MEBIUS,15,410,71,50
18116,MEBIUS,16,425,72,50
18117,MEBIUS,17,440,73,50
18118,MEBIUS,18,455,75,50
18119,MEBIUS,19,470,76,50
18120,MEBIUS,20,485,78,50
18121,MEBIUS,21,500,79,50
18122,MEBIUS,22,515,80,50
18123,MEBIUS,23,530,82,50
18124,MEBIUS,24,545,83,50
18125,MEBIUS,25,560,85,50
18126,MEBIUS,26,575,86,50
18127,MEBIUS,27,590,87,50
18128,MEBIUS,28,605,89,50
18129,MEBIUS,29,620,90,50
18130,MEBIUS,30,635,92,50
18131,MEBIUS,31,650,93,50
18132,MEBIUS,32,665,95,50
18133,MEBIUS,33,680,96,50
18134,MEBIUS,34,695,97,50
18135,MEBIUS,35,710,99,50
18136,MEBIUS,36,725,100,50
18137,MEBIUS,37,740,102,50
18138,MEBIUS,38,755,103,50
18139,MEBIUS,39,770,104,50
18140,MEBIUS,40,785,106,50
18201,MEBIUS,1,200,54,60
18202,MEBIUS,2,215,55,60
18203,MEBIUS,3,230,57,60
18204,MEBIUS,4,245,58,60
18205,MEBIUS,5,260,59,60
18206,MEBIUS,6,275,61,60
18207,MEBIUS,7,290,62,60
18208,MEBIUS,8,305,63,60
18209,MEBIUS,9,320,65,60
18210,MEBIUS,10,335,66,60
18211,MEBIUS,11,350,67,60
18212,MEBIUS,12,365,69,60
18213,MEBIUS,13,380,70,60
18214,MEBIUS,14,395,72,60
18215,MEBIUS,15,410,73,60
18216,MEBIUS,16,425,74,60
18217,MEBIUS,17,440,76,60
18218,MEBIUS,18,455,77,60
18219,MEBIUS,19,470,78,60
18220,MEBIUS,20,485,80,60
18221,MEBIUS,21,500,81,60
18222,MEBIUS,22,515,82,60
18223,MEBIUS,23,530,84,60
18224,MEBIUS,24,545,85,60
18225,MEBIUS,25,560,86,60
18226,MEBIUS,26,575,88,60
18227,MEBIUS,27,590,89,60
18228,MEBIUS,28,605,90,60
18229,MEBIUS,29,620,92,60
18230,MEBIUS,30,635,93,60
18231,MEBIUS,31,650,95,60
18232,MEBIUS,32,665,96,60
18233,MEBIUS,33,680,97,60
18234,MEBIUS,34,695,99,60
18235,MEBIUS,35,710,100,60
18236,MEBIUS,36,725,101,60
18237,MEBIUS,37,740,103,60
18238,MEBIUS,38,755,104,60
18239,MEBIUS,39,770,105,60
18240,MEBIUS,40,785,107,60
19101,TIGA,1,200,133,60
19102,TIGA,2,215,138,62
19103,TIGA,3,230,142,63
19104,TIGA,4,245,147,64
19105,TIGA,5,260,152,65
19106,TIGA,6,275,156,66
19107,TIGA,7,290,161,67
19108,TIGA,8,305,165,68
19109,TIGA,9,320,169,69
19110,TIGA,10,335,174,70
19111,TIGA,11,350,178,71
19112,TIGA,12,365,182,72
19113,TIGA,13,380,186,73
19114,TIGA,14,395,190,74
19115,TIGA,15,410,194,75
19116,TIGA,16,425,197,76
19117,TIGA,17,440,201,77
19118,TIGA,18,455,205,78
19119,TIGA,19,470,208,79
19120,TIGA,20,485,212,80
19121,TIGA,21,500,215,81
19122,TIGA,22,515,218,82
19123,TIGA,23,530,221,83
19124,TIGA,24,545,224,84
19125,TIGA,25,560,227,85
19126,TIGA,26,575,230,86
19127,TIGA,27,590,233,87
19128,TIGA,28,605,236,88
19129,TIGA,29,620,239,89
19130,TIGA,30,635,241,90
19131,TIGA,31,650,244,91
19132,TIGA,32,665,246,92
19133,TIGA,33,680,249,93
19134,TIGA,34,695,251,94
19135,TIGA,35,710,253,95
19136,TIGA,36,725,256,96
19137,TIGA,37,740,258,97
19138,TIGA,38,755,260,98
19139,TIGA,39,770,261,99
19140,TIGA,40,785,263,100
19201,TIGA,1,200,178,51
19202,TIGA,2,215,186,52
19203,TIGA,3,230,193,53
19204,TIGA,4,245,200,54
19205,TIGA,5,260,207,55
19206,TIGA,6,275,214,56
19207,TIGA,7,290,221,57
19208,TIGA,8,305,228,58
19209,TIGA,9,320,235,59
19210,TIGA,10,335,242,60
19211,TIGA,11,350,248,61
19212,TIGA,12,365,255,62
19213,TIGA,13,380,261,63
19214,TIGA,14,395,268,64
19215,TIGA,15,410,274,65
19216,TIGA,16,425,280,66
19217,TIGA,17,440,286,67
19218,TIGA,18,455,293,68
19219,TIGA,19,470,299,69
19220,TIGA,20,485,305,70
19221,TIGA,21,500,310,71
19222,TIGA,22,515,316,72
19223,TIGA,23,530,322,73
19224,TIGA,24,545,327,74
19225,TIGA,25,560,333,75
19226,TIGA,26,575,338,76
19227,TIGA,27,590,344,77
19228,TIGA,28,605,349,78
19229,TIGA,29,620,354,79
19230,TIGA,30,635,359,80
19231,TIGA,31,650,364,81
19232,TIGA,32,665,369,82
19233,TIGA,33,680,374,83
19234,TIGA,34,695,379,84
19235,TIGA,35,710,384,85
19236,TIGA,36,725,388,86
19237,TIGA,37,740,393,87
19238,TIGA,38,755,398,88
19239,TIGA,39,770,402,89
19240,TIGA,40,785,406,90
20101,DARKLUGIEL,1,200,8,15
20102,DARKLUGIEL,2,215,9,15
20103,DARKLUGIEL,3,230,9,15
20104,DARKLUGIEL,4,245,9,15
20105,DARKLUGIEL,5,260,10,15
20106,DARKLUGIEL,6,275,10,15
20107,DARKLUGIEL,7,290,10,15
20108,DARKLUGIEL,8,305,10,15
20109,DARKLUGIEL,9,320,11,15
20110,DARKLUGIEL,10,335,11,15
20111,DARKLUGIEL,11,350,12,15
20112,DARKLUGIEL,12,365,12,15
20113,DARKLUGIEL,13,380,12,15
20114,DARKLUGIEL,14,395,13,15
20115,DARKLUGIEL,15,410,13,15
20116,DARKLUGIEL,16,425,13,15
20117,DARKLUGIEL,17,440,14,15
20118,DARKLUGIEL,18,455,14,15
20119,DARKLUGIEL,19,470,14,15
20120,DARKLUGIEL,20,485,15,15
20121,DARKLUGIEL,21,500,15,15
20122,DARKLUGIEL,22,515,15,15
20123,DARKLUGIEL,23,530,16,15
20124,DARKLUGIEL,24,545,16,15
20125,DARKLUGIEL,25,560,16,15
20126,DARKLUGIEL,26,575,17,15
20127,DARKLUGIEL,27,590,17,15
20128,DARKLUGIEL,28,605,17,15
20129,DARKLUGIEL,29,620,18,15
20130,DARKLUGIEL,30,635,18,15
20131,DARKLUGIEL,31,650,18,15
20132,DARKLUGIEL,32,665,19,15
20133,DARKLUGIEL,33,680,19,15
20134,DARKLUGIEL,34,695,19,15
20135,DARKLUGIEL,35,710,20,15
20136,DARKLUGIEL,36,725,20,15
20137,DARKLUGIEL,37,740,20,15
20138,DARKLUGIEL,38,755,21,15
20139,DARKLUGIEL,39,770,21,15
20140,DARKLUGIEL,40,785,21,15
20201,DARKLUGIEL,1,200,47,40
20202,DARKLUGIEL,2,215,49,40
20203,DARKLUGIEL,3,230,51,40
20204,DARKLUGIEL,4,245,52,40
20205,DARKLUGIEL,5,260,54,40
20206,DARKLUGIEL,6,275,56,40
20207,DARKLUGIEL,7,290,58,40
20208,DARKLUGIEL,8,305,59,40
20209,DARKLUGIEL,9,320,61,40
20210,DARKLUGIEL,10,335,63,40
20211,DARKLUGIEL,11,350,65,40
20212,DARKLUGIEL,12,365,66,40
20213,DARKLUGIEL,13,380,68,40
20214,DARKLUGIEL,14,395,70,40
20215,DARKLUGIEL,15,410,72,40
20216,DARKLUGIEL,16,425,74,40
20217,DARKLUGIEL,17,440,75,40
20218,DARKLUGIEL,18,455,77,40
20219,DARKLUGIEL,19,470,79,40
20220,DARKLUGIEL,20,485,81,40
20221,DARKLUGIEL,21,500,82,40
20222,DARKLUGIEL,22,515,84,40
20223,DARKLUGIEL,23,530,86,40
20224,DARKLUGIEL,24,545,88,40
20225,DARKLUGIEL,25,560,89,40
20226,DARKLUGIEL,26,575,91,40
20227,DARKLUGIEL,27,590,93,40
20228,DARKLUGIEL,28,605,95,40
20229,DARKLUGIEL,29,620,96,40
20230,DARKLUGIEL,30,635,98,40
20231,DARKLUGIEL,31,650,100,40
20232,DARKLUGIEL,32,665,102,40
20233,DARKLUGIEL,33,680,103,40
20234,DARKLUGIEL,34,695,105,40
20235,DARKLUGIEL,35,710,107,40
20236,DARKLUGIEL,36,725,109,40
20237,DARKLUGIEL,37,740,110,40
20238,DARKLUGIEL,38,755,112,40
20239,DARKLUGIEL,39,770,114,40
20240,DARKLUGIEL,40,785,116,40
